ticker,feature,n_obs,best_lag,min_pvalue,best_weekly_lag,min_weekly_pvalue,p_lag_1,p_lag_2,p_lag_3,p_lag_4,p_lag_5,p_lag_6,p_lag_7,p_lag_8,p_lag_9,p_lag_10,p_lag_11,p_lag_12,p_lag_13,p_lag_14,p_lag_15,p_lag_16,p_lag_17,p_lag_18,p_lag_19,p_lag_20,p_lag_21,p_lag_22,p_lag_23,p_lag_24,p_lag_25,p_lag_26,p_lag_27,p_lag_28,p_lag_29,p_lag_30,p_lag_31,p_lag_32,p_lag_33,p_lag_34,p_lag_35,p_lag_36,p_lag_37,p_lag_38,p_lag_39,p_lag_40,fdr_pvalue,weekly_fdr_pvalue
IBB,new_keyword_count_14d_avg,1506,40,8.887813195797807e-15,40,8.887813195797807e-15,0.5187130434138869,0.35331802278185,0.11255957822542989,0.09370207801727964,0.103343710884803,0.03798316872539528,0.03164440860163674,0.05440000915908779,0.06374281244120235,0.11083610256922694,0.12321568870100921,0.11113887464489498,0.0862647568212732,0.10570620053137376,0.0381179373499763,0.0010175317516658469,0.00019742331604361227,0.0001505202170445179,0.0003751307914314469,0.0002848882240772602,0.000386528815810107,0.0011605922405962415,0.0005559840583871331,7.716272360018342e-05,7.224150968784073e-08,5.9578863951606e-08,4.5487420878044176e-09,3.174551887496018e-09,6.567631558296967e-10,5.5381007679949953e-11,4.647979664877533e-12,6.325465574312877e-12,3.75061927780263e-12,2.3190055118036304e-11,4.43238442467488e-11,1.4553666139835841e-12,1.743730310644735e-12,1.8255033901020434e-12,1.1794025592355583e-14,8.887813195797807e-15,7.288006820554201e-13,7.288006820554201e-13
XBI,new_keyword_count_14d_avg,1506,39,5.656857299291801e-12,40,2.029446406282695e-11,0.654130210224101,0.6805296753303178,0.37303237370133246,0.3497438343743016,0.3690228878325648,0.40189255685801595,0.4254394538873455,0.5426998883991779,0.5540896868210359,0.6161946475631512,0.592902445952048,0.5770804135466502,0.3385645821042698,0.3460629684111428,0.24956107680594045,0.017733365568953496,0.010163327680647883,0.010980076435826673,0.015224257674433372,0.017234971589845598,0.014326489483019473,0.019266034045032413,0.017867980745998307,0.007436451142579866,9.108153217147894e-05,4.800291363294521e-05,1.7897769723353525e-05,2.0382730418068992e-06,1.8126162307667662e-06,6.336407237148082e-07,6.618072304851853e-08,9.399313486410427e-08,6.71992708713551e-08,2.0684298201844947e-07,1.4641162071076094e-07,1.351144359987958e-08,9.591157890076465e-09,7.109483610604587e-09,5.656857299291801e-12,2.029446406282695e-11,2.3193114927096382e-10,8.320730265759049e-10
XBI,new_keyword_count,1506,39,0.00013276469139852353,40,0.00023514056351608162,0.09637567137874992,0.2412878147579976,0.40814581022149043,0.5126782863369952,0.6860472179444237,0.5537251796931033,0.7235969295446956,0.504806271629958,0.6055184184462132,0.28752729689911544,0.3170680275137951,0.23919591874957744,0.2293610193817033,0.09505551694109533,0.03743290573119584,0.03291448567859357,0.0174335983419799,0.019622005397791655,0.029233252483183737,0.0466834187969289,0.01359753328415909,0.005223958469729482,0.006962936813352197,0.004814585646763925,0.0031532795964863696,0.004060679107166541,0.002676064414706935,0.0019357728294444557,0.0008562090335274477,0.0006264788858348892,0.0004116495135339154,0.0002404200430503247,0.00034120235217519626,0.00040305684658648565,0.0004901943312256714,0.0006983614070886245,0.0004126877402530177,0.0002605405316373725,0.00013276469139852353,0.00023514056351608162,0.003628901564892977,0.006427175402772898
IBB,new_keyword_count,1506,40,0.00046572863122907573,40,0.00046572863122907573,0.18507251229693658,0.48257972263046756,0.7241003324238189,0.6865438579545016,0.6001130142446641,0.6212075715846036,0.7357708412785516,0.49755151704283596,0.6033669593920662,0.31210841293800823,0.2629583572712038,0.14123051580195373,0.12813064731520438,0.058540098797134614,0.028114302003876792,0.025136780360851155,0.015677136729843832,0.021468147911822742,0.037294152554562324,0.0543919006025474,0.07750572568966062,0.045649757704898854,0.07374968153778513,0.07192467322436802,0.06703726100887232,0.08155659232827209,0.054341780230206575,0.05094482049451815,0.008901586903045065,0.007105723653349815,0.005130149235364552,0.004208707253924659,0.005916327097134699,0.006219307390469059,0.0073884124166581884,0.011017939159652195,0.0053096194502515355,0.0014934537400805362,0.0005160513978791613,0.00046572863122907573,0.009547436940196052,0.009547436940196052
XBI,new_keyword_share,1506,39,0.0008659667749747197,40,0.001289269159233923,0.2882343547451639,0.3007736923685717,0.48577988141445705,0.48335317518133514,0.6450398013135843,0.6590258210610417,0.5637030868262736,0.14500299757866203,0.16652794166431487,0.19218113061088068,0.25159304656605314,0.28084027304978,0.1876411939053971,0.06664786876799156,0.03375106868876518,0.03346674061051875,0.03663207235519574,0.040392313735161396,0.031005849084615247,0.03206929469697683,0.007260476142599422,0.009947368046645437,0.010582035102345413,0.01204474861539345,0.0173113375000311,0.021355088995403046,0.025024833588119806,0.027750547979766386,0.024262735810427025,0.02380815137875347,0.01915362869474467,0.017820979913298517,0.0035893177896040044,0.009396240861664627,0.014423004925568928,0.0031134381691053053,0.004296757116561206,0.0027019916272765176,0.0008659667749747197,0.001289269159233923,0.014201855109585404,0.021144014211436336
IBB,new_keyword_share,1506,39,0.0037622888832921095,40,0.00613988933753344,0.1776458185054368,0.197594976771287,0.33398366603721935,0.4263244130867214,0.43675748462944874,0.4612725073670597,0.44812585224889123,0.060658378176050125,0.08747634664442028,0.11007586706005937,0.1634601746249357,0.17809555118675882,0.09091105205779995,0.05027689528933161,0.03859888583754116,0.03987594452224663,0.0455346848645482,0.04407889690001123,0.03287897887309577,0.05071377655683639,0.06315376687707917,0.07053708902631645,0.09180982639527963,0.1219832332105068,0.15341699867992248,0.17410022092870947,0.2012864164311151,0.22384502987294755,0.2159070453246343,0.22330560267384833,0.2076637402444156,0.20989783841384774,0.04663200385072083,0.11004688208686993,0.1624270666850566,0.02539855191165148,0.03407201264805059,0.01132269406742675,0.0037622888832921095,0.00613988933753344,0.05141794807165883,0.08391182094629036
XBI,unique_subfields,1506,3,0.0045142100448853075,5,0.0172093259271076,0.07421704155112828,0.18722494576853072,0.0045142100448853075,0.00953904602428101,0.0172093259271076,0.006084150347305659,0.009179010950900483,0.01696610957205636,0.0266198016216694,0.03704742636268247,0.053441574663523846,0.07025916437235588,0.08324635643718184,0.13078160309231635,0.16385412465071256,0.21294282415293267,0.2580948246937857,0.2896039262635079,0.33782648863128567,0.1729994963188582,0.17395996629609867,0.21625944562865765,0.13879144681517744,0.07886881184303954,0.08653926582785021,0.06859081076678057,0.06624690229732215,0.09245947026244934,0.11227783915377898,0.10798863403472561,0.11416009775901566,0.14037668265854278,0.15420909567370802,0.15957219647986978,0.17553981174400196,0.2230218800785892,0.24788500885726644,0.2652041531253146,0.17220005907023866,0.06732256397405283,0.05288074624008503,0.14425708689678052
IBB,unique_subfields,1506,6,0.017531243529755408,40,0.022404370913760106,0.09296781398310651,0.23140038024466605,0.021424573647049614,0.03982861891406225,0.04893411095693727,0.017531243529755408,0.021440016422628303,0.03734488322304869,0.049256904514203795,0.08347001608683406,0.12233220463540641,0.17135847985955432,0.22168366544537968,0.2773639829650616,0.3602567326435063,0.4263798413255526,0.4672177680104862,0.4842477275180287,0.5109281060479782,0.24876940703906042,0.29352747629315806,0.31571208762574504,0.16909816328678398,0.05210998462309061,0.055225038155569124,0.0629348462578817,0.05145449475873965,0.07721165055699225,0.1007841454720409,0.11679748744752277,0.12793460920307587,0.1407348714860563,0.16966997269434478,0.15542162524374695,0.168652043687911,0.21013704075602413,0.2009865402220376,0.16458293167456867,0.05084026514088324,0.022404370913760106,0.10643034095716662,0.14425708689678052
XBI,award_count_14d_avg,1506,17,0.019133588551610407,20,0.02490404282980447,0.46975478805259957,0.671463914718153,0.7165291734577165,0.8098666476687714,0.6609270226145103,0.6528960867665834,0.6684123797511617,0.531711296471935,0.6364498374315154,0.7548012796746847,0.14928469542945888,0.05085924516690496,0.031201770882453905,0.03051591265588517,0.0280563039707204,0.03373660779024263,0.019133588551610407,0.028979311712476603,0.021903012169127194,0.02490404282980447,0.03066493560109843,0.03930319662950202,0.046098402388179804,0.05900716679359343,0.0708343369002535,0.08241666380319317,0.06947778610766928,0.08137556789716852,0.1112461278200451,0.1200872881736536,0.10776024509431449,0.06628373777260166,0.05600569005832842,0.0658870293462086,0.04374054891394387,0.051300182568980106,0.06423676277061968,0.0736327834778335,0.08194077802307892,0.07726944724291226,0.10643034095716662,0.14425708689678052
XBI,daily_pubs,1506,3,0.017283574410579084,5,0.025174625341464602,0.022532294154544018,0.05891475874171484,0.017283574410579084,0.03591632130101614,0.025174625341464602,0.02135289261860394,0.04074864026856117,0.06839485354969785,0.09562226897513888,0.10830969019094426,0.15266203952178564,0.18179969274114763,0.24712379504679155,0.28498478341207945,0.28510931715575966,0.3107845528439606,0.3176457654512669,0.15351367615023193,0.20012531311632753,0.12460293220900587,0.10857613784979424,0.12571734985990315,0.13123785765312038,0.16070645588444307,0.15745696361860473,0.16567360479510262,0.19342066005184758,0.20082306585678003,0.18690802959404249,0.17003657182360277,0.14536488565805272,0.09732878925054361,0.11778003290822618,0.09998732185343377,0.10928043373027155,0.12868907366491866,0.14990890165195409,0.17716429575173204,0.13800986850481944,0.10056599065500903,0.10643034095716662,0.14425708689678052
IBB,daily_pubs_growth_1d,1506,16,0.020000595660798773,10,0.026169943851387708,0.8324963802297656,0.23090842354010965,0.39667200013837656,0.4320258684391344,0.41245109146749925,0.032914949018442614,0.04127314678875024,0.05026799081477311,0.021004036576427035,0.026169943851387708,0.03774688704080839,0.05554433103239398,0.05051825444847917,0.05068558288996253,0.08204483202186721,0.020000595660798773,0.027042487985079893,0.03341519589286932,0.046229715686511894,0.06372672997791967,0.08470475738174288,0.09800249348527725,0.07855618719355169,0.10804357551815708,0.05628249282833003,0.0465847518411286,0.04869475885535495,0.05500116183049235,0.057679003760515636,0.05671666327290146,0.03698423667816231,0.04178014905551685,0.05398993752678987,0.05004830557410669,0.07561608093768016,0.053550267515549255,0.10352221951405517,0.09587612766996345,0.11720378954796881,0.07770477627579042,0.10643034095716662,0.14425708689678052
XBI,core_count_14d_avg,1506,13,0.024070397239402932,15,0.02761583454811634,0.3667236474583143,0.6170147444026968,0.5554182829039939,0.5517959543103872,0.5546622545613855,0.5591454304535164,0.6097394660975087,0.5122904623062873,0.4899292079119987,0.6320735685999976,0.08129194500215661,0.04270028110319149,0.024070397239402932,0.028415322937625564,0.02761583454811634,0.0388807621530957,0.037370708304089076,0.057712636214506494,0.04666634214860295,0.057153397679255036,0.06444849992797175,0.08853041500687284,0.10697860918324714,0.13097719251744253,0.13912417537050104,0.1685900234390288,0.16001173506864516,0.17916102734176265,0.23031934827234243,0.24301894927911022,0.23814116659440948,0.15207637123051926,0.1358787561926281,0.1604054594744582,0.15028145106699273,0.12367007566725527,0.10969224792895135,0.13005209471387996,0.09927108564344952,0.09037208673402133,0.10643034095716662,0.14425708689678052
XBI,top10_keyword_mentions,1506,1,0.014278723636717294,5,0.02894479425458245,0.014278723636717294,0.043241411253100506,0.021717659972467565,0.0437550247142342,0.02894479425458245,0.027364939620483475,0.050700560385731036,0.08055145711823189,0.10948109264633024,0.12628240412327302,0.17310233034564174,0.20682439902202399,0.2804827518227564,0.34564465437990666,0.3818531318760875,0.4140576664594769,0.4177635003495172,0.18148933271226153,0.2303786210443576,0.1418994659015488,0.12558723601312122,0.14533528073534727,0.14193101801217603,0.17274103237175403,0.18184693521720285,0.20272480735189763,0.22545271883661805,0.22126971193082992,0.19068825168439582,0.15685110899141572,0.14791170225618397,0.10147809219178147,0.1181631974307165,0.11391348226808505,0.12137199082275014,0.12726586659280956,0.14733825894802305,0.17675804160608477,0.1272224082163919,0.09812656672623847,0.10643034095716662,0.14425708689678052
XBI,daily_pubs_14d_avg,1506,15,0.029691744109859235,15,0.029691744109859235,0.41809783955795116,0.6537414315366308,0.5564392658105126,0.5241552469753885,0.5431504818837961,0.557170370019594,0.6238328869529322,0.49875250403264393,0.4513205295260989,0.5930370004264229,0.07664342386356425,0.04710520434346094,0.030532915178301017,0.0366369740182484,0.029691744109859235,0.04182785301031148,0.04643123875505597,0.07146019601268894,0.05670662590677525,0.06795909334413383,0.07408813360833703,0.1031320417136983,0.12459243774484302,0.15177034412430962,0.14645970411945175,0.17999973711317405,0.17544013008497036,0.19482991493785895,0.2514139701838323,0.2695568225703036,0.2717318919281414,0.1976844703851957,0.18364130851444155,0.20709370132667912,0.1885847610502526,0.16873311217903536,0.14168240390888806,0.16812719875175183,0.13057367677067788,0.12424221277107364,0.11066922804583897,0.14425708689678052
XBI,funder_count_14d_avg,1506,17,0.024660688758367875,15,0.02998046673587248,0.45414010908309255,0.6920966777244238,0.6440420136776676,0.7096700668920064,0.6415556459414128,0.6267720338843077,0.6481346873341829,0.4906125536020296,0.5208199557172926,0.649431931505335,0.09939592632982931,0.058420836886659534,0.031063970841957535,0.027290045009178223,0.02998046673587248,0.04119087138118386,0.024660688758367875,0.03672885586014707,0.0278160068819584,0.03283134981437582,0.044898543023435177,0.0635009757394886,0.06583221321601723,0.08206372747090017,0.09531526578590972,0.11004881235332388,0.1027674206511394,0.11559050269610184,0.15289720631308587,0.16427272042851102,0.14861734875092894,0.07650257870749046,0.07196887163860519,0.09031373215818758,0.06868815761417006,0.0670378758324002,0.0739037223520943,0.0859657308908152,0.08340229032197398,0.07539218578542133,0.10643034095716662,0.14425708689678052
XBI,award_count,1506,1,0.015718856181236463,5,0.03148176427504984,0.015718856181236463,0.051117130068880204,0.02164841907725053,0.04377468566407098,0.03148176427504984,0.04717663144430843,0.08145597370507106,0.12375921694381296,0.1571136637569374,0.13062904259014924,0.18258896665658922,0.27366986925372244,0.35404447832379443,0.4232330409774068,0.4590888309597514,0.4992895780825548,0.5486883298377054,0.5003996143140552,0.556692506132147,0.4605694682653739,0.3351685946293464,0.36324570316426746,0.3342029995152114,0.3738160613569856,0.4030490944866789,0.3890398623551689,0.437677761630817,0.49486255946120594,0.47879693378515686,0.49931017036327185,0.4084653900134902,0.2439119698299307,0.27741213037307616,0.264811998963891,0.2624483931454344,0.3099852155004732,0.32771827540142295,0.380683044726885,0.3268474554598424,0.2767531095772814,0.10643034095716662,0.14425708689678052
XBI,total_keyword_mentions,1506,1,0.022711104559896444,5,0.03211984693293114,0.022711104559896444,0.059156422204180895,0.023230813436814685,0.04675404602600662,0.03211984693293114,0.02855317682830468,0.05359214058477283,0.0863595716585927,0.11367488897555966,0.1226846004673626,0.17031978707353185,0.19702948895234,0.26278330097573266,0.31372661988184863,0.3414703702483141,0.3482994069258259,0.35152764808091574,0.17577922241364272,0.22673363322035284,0.135597901433875,0.12202743745358957,0.14053648206162922,0.14919465680984756,0.18153828853767864,0.19331971827594363,0.2131383871819347,0.2331629934616638,0.22783031755567706,0.20972273321391394,0.19291705647708626,0.16656972853396426,0.11176262995244549,0.1338313991075175,0.1228196578744574,0.13577404141687568,0.15600785033861864,0.17954489314200323,0.2130112758638894,0.16704219778235643,0.12847364078557494,0.10643034095716662,0.14425708689678052
XBI,core_count,1506,3,0.020412630603466275,5,0.03287715836725971,0.022623939330243304,0.059402454360412686,0.020412630603466275,0.04186732501207551,0.03287715836725971,0.026712990015103848,0.05073640942114961,0.08301654979110516,0.10960242192499235,0.11030906067172598,0.15496790826166282,0.19947087897212026,0.2654284242186427,0.3130825363001305,0.33210742985768915,0.3656651590615833,0.36904070069194533,0.19310770202469685,0.2452205162127679,0.16800120023492707,0.14352012776847634,0.16739219237171177,0.16524296776742148,0.19823832560627921,0.19849034551328185,0.2097897066159311,0.24579842937999882,0.2710445044986521,0.24492119433691814,0.22118830515219853,0.18797819022182674,0.13341176250703246,0.15725977453058823,0.1465903056361649,0.1560297459718777,0.1821096752502075,0.2091667633922219,0.23878253007581007,0.17107912415736906,0.12809314968183358,0.10643034095716662,0.14425708689678052
IBB,unique_keywords_7d_avg,1506,4,0.029080709771472812,5,0.03342542257364427,0.9063278541198443,0.04965731982125312,0.07547192286839421,0.029080709771472812,0.03342542257364427,0.07500995341771122,0.13014638187784247,0.1672468000745882,0.24086884188548988,0.13189723880850285,0.07837775622815965,0.09849585322758779,0.10106592934434747,0.12136188406326975,0.1692847898414464,0.1699560419620916,0.20509273698345037,0.23825448635844462,0.26479167479330995,0.2895584826695379,0.29094231412385196,0.3988513032381165,0.5160103351808802,0.5912113790967942,0.5623748128832563,0.5973323372642321,0.6267691131418147,0.6904525693413416,0.7460950617362483,0.7000258033426758,0.7446196811217587,0.7626584808981254,0.7977504045223365,0.8335141250379763,0.7930311503117683,0.8124646272061574,0.854309459480336,0.8681123340260861,0.8692543851170402,0.8995075327460782,0.11066922804583897,0.14425708689678052
XBI,funder_count_30d_avg,1506,27,0.024257824991567773,30,0.03826898859103306,0.6665304367456711,0.25530238677210354,0.412306639462964,0.5057971909741428,0.40060503779059664,0.5254512023430673,0.712243555018089,0.8217245249224299,0.8089726210852415,0.8481131604327283,0.8961788234755479,0.6582546879875415,0.30740766667825575,0.41454040469360626,0.3699510441957483,0.16542256030724017,0.15932570774463609,0.2277909829759788,0.3003108664532936,0.2613632671858322,0.12409624959644477,0.20575767334947817,0.2220378958803944,0.10102488483189156,0.08492436630047795,0.0841021968102117,0.024257824991567773,0.02883898554575271,0.03574489883889812,0.03826898859103306,0.05248006951175921,0.06160710190725247,0.06689689240587572,0.062148361157491394,0.1120693387645878,0.05859822311845044,0.11621818292653299,0.10991351278697258,0.09232900067662592,0.05741852341979731,0.10643034095716662,0.15638483898538924
XBI,award_count_30d_avg,1506,27,0.023141675520079605,30,0.04004977583772164,0.8177533766879522,0.17860976760991912,0.3207955667755305,0.427596798049681,0.48714571266778683,0.6158188112548811,0.7417890426218803,0.8357147813781329,0.810720035416981,0.8504098664569408,0.8930837504359962,0.7896453375750532,0.3895867567614837,0.5055551868522433,0.49064891895211826,0.17458703691666755,0.18713639203870971,0.27130814230628825,0.35293321707229647,0.3568353060239935,0.154911382157035,0.2458395949771842,0.2601803531163737,0.12052876360895737,0.09137550721958126,0.08003611967451169,0.023141675520079605,0.029409013965537415,0.03511579675417554,0.04004977583772164,0.054595997932008804,0.07305811255950331,0.07675703827087399,0.07910751882668339,0.13336729983491238,0.0687627681045583,0.11971090185999042,0.11589851028181043,0.09996661493632791,0.06634666050810839,0.10643034095716662,0.15638483898538924
XBI,daily_pubs_growth_1d,1506,16,0.035450533552807285,40,0.06420000208240116,0.5920115467049076,0.0710003136119246,0.1514675954878416,0.20894420395663443,0.3051965386144014,0.08437055766024987,0.1157342703054339,0.15151023245851433,0.05350374948710775,0.07180965562557892,0.09169364869587376,0.11920426556473811,0.10235532898943654,0.09415890571239313,0.12936878047245626,0.035450533552807285,0.04228106815630717,0.06196989491513403,0.08113599810669571,0.11907014499772076,0.15735217133433635,0.17555938974884785,0.1759172180963803,0.20717979309860177,0.1102970192906024,0.074088896357638,0.09134684056456202,0.09203490385949199,0.11566778074740991,0.08938287947916275,0.053799403167129355,0.05652411892733375,0.07212123833778494,0.06716050075554703,0.08753627121567792,0.05156625990353734,0.08532130579911137,0.048672706296727986,0.07398447983226895,0.06420000208240116,0.12620071520257137,0.23536251453965257
XBI,funder_count,1506,1,0.03693679469343552,5,0.066016315053805,0.03693679469343552,0.10212733153289777,0.05781378127519419,0.10434690284999742,0.066016315053805,0.08203858504506209,0.13879348662832416,0.20426226848090048,0.24696722800734158,0.23032497997696896,0.2964812508431015,0.3717033016157397,0.4634197439190574,0.5175156540411093,0.4893961975553527,0.551713766389054,0.5755178957947554,0.4189841626574283,0.48503274935529583,0.3196232892762381,0.25829149395757206,0.2971817915235788,0.25649951324745834,0.2989301286871125,0.30031628511918984,0.292029823921999,0.3413395042339546,0.39276603580457614,0.3530042362823708,0.3802333866072556,0.2572053991489716,0.1411845112435849,0.16614929859694222,0.15341644087223372,0.1488937936546864,0.1795267931954287,0.20597888370553383,0.24264768854124635,0.18238698566470518,0.12329041153609417,0.12620071520257137,0.23536251453965257
XBI,unique_keywords,1506,1,0.04102557765566089,5,0.07358573558083907,0.04102557765566089,0.09328210296188323,0.04344520901445967,0.08751157464026872,0.07358573558083907,0.06562964774197846,0.11379143932254389,0.17101656389682657,0.16480166866248358,0.14092076163373646,0.19683767834682914,0.25331560697580824,0.3192955441392218,0.35956861071326496,0.39928393118153727,0.3824201447507883,0.39981014125043624,0.2388898811436633,0.29392896591100154,0.23022686512102403,0.19326109674501,0.21603222733360905,0.23865604517821376,0.28397228681930325,0.32023244368772696,0.3320839030465501,0.3774235273134205,0.42301474477717443,0.39480500492028814,0.374682233394721,0.32637101277427877,0.22093779208315673,0.2543748373507745,0.23908974633781402,0.26901163540249023,0.3117300272994423,0.3372874971997422,0.38186489420727526,0.3210000799534266,0.274832509866746,0.1293883602986228,0.25141792990120015
XBI,daily_pubs_zscore_30d,1506,1,0.06937358337925524,5,0.08133308823073082,0.06937358337925524,0.12081379408594525,0.0724120411771741,0.13584211140371705,0.08133308823073082,0.07080531455619599,0.11762427609048814,0.17264250352199867,0.21806084377854365,0.2656643462004907,0.32830887590854746,0.37632858227933036,0.45772746687340427,0.48579172381407654,0.5267696338142049,0.5766104082290957,0.6072029163518121,0.41928443106132374,0.4930574092135278,0.4097276736611385,0.34836671242124423,0.38817466048859034,0.38476053115909165,0.42765136241772983,0.36870476743040864,0.32105624672496824,0.36956212444775777,0.44797233774779593,0.4781526078306868,0.5157789621688795,0.3687585440057312,0.17461210212842643,0.2095298625664882,0.17578210130423735,0.20951499996645245,0.23640984907817297,0.2551907589802088,0.29324751788629777,0.2627780850790116,0.25787414478430615,0.1812721218075773,0.2667725293967971
IBB,keyword_entropy_7d_avg,1506,2,0.025992632274725563,25,0.08951248792909934,0.9360043064218879,0.025992632274725563,0.03557114316199304,0.072684305556765,0.08984121875968909,0.18664486162969038,0.2569685776927217,0.3480989457790868,0.36540952797629495,0.2563278119724476,0.20474850089150973,0.2105219450231752,0.22525999384636514,0.2809398596140561,0.3612892969059012,0.4315722416838851,0.30323546999228623,0.30904756258356075,0.3891153421883169,0.4587878987147014,0.36116087077458725,0.12843690816172787,0.08663475061217792,0.0863381281425755,0.08951248792909934,0.10041166627969968,0.12145328300643642,0.1362216153099793,0.17194192483136436,0.19082070194459838,0.16484099698663293,0.16693728212645295,0.13298143690470693,0.16133335951325387,0.12070540953219415,0.13117141682620115,0.13152841741927487,0.15471364063317652,0.16464473803249427,0.20338194951978833,0.10656979232637481,0.2823086157763902
XBI,keyword_entropy_7d_avg,1506,37,0.08160090821602835,35,0.0991061083686454,0.762244745953578,0.09626474720219051,0.08948566683184506,0.17142634746236307,0.22386400801715975,0.3706496761771393,0.48847531660869725,0.5738850664550623,0.6345132823516979,0.3835172585854112,0.278887229853156,0.287875671636561,0.3374720261128439,0.4182839705751745,0.4996584065494094,0.5645979911847789,0.2910268739890413,0.30495381653455933,0.3712868701038675,0.4302454429990889,0.4287896229755365,0.23385115567299347,0.13354760465584156,0.08471264411067148,0.10001379249749903,0.12921662320441574,0.14741888430079567,0.15813641021408373,0.19980934360190106,0.23260363367538547,0.13978424316824722,0.13169612320303137,0.11599312359978138,0.12480424039568043,0.0991061083686454,0.0880984233082411,0.08160090821602835,0.0961157672566896,0.10169669746623008,0.12904712121735848,0.1812721218075773,0.28817656573876926
IBB,funder_count_30d_avg,1506,36,0.07238130317435097,40,0.10066827508650456,0.3885766313211466,0.3236634417942138,0.36492533615502826,0.4336770118410638,0.4543378573612835,0.5644575070631823,0.588919411038463,0.6139138052659214,0.6531942593400748,0.7380090142271007,0.7875629363866696,0.7268574491795782,0.5871601643819315,0.6829287292366989,0.69226514382754,0.459482751343383,0.43412651734623126,0.5812913361610237,0.6404825075894509,0.5867353562025694,0.4475287328269937,0.6331698788254834,0.6616224167805138,0.34734394065131013,0.23034033037114338,0.22845283346032377,0.09012602169296227,0.11056177591913906,0.10782766655667929,0.10643970344454035,0.13420313311141102,0.16078441630287363,0.1641243676284314,0.1519661992449986,0.22044576752524342,0.07238130317435097,0.1852416008815708,0.14753771392608808,0.1543413136030835,0.10066827508650456,0.1812721218075773,0.28817656573876926
IBB,daily_pubs_growth_14d,1506,1,0.08696165592059385,20,0.11088880012660446,0.08696165592059385,0.2008544681553503,0.17213968455584144,0.2955248379879348,0.3982398945992827,0.39954589309047883,0.44535442259148306,0.5472271515287084,0.5496939957955997,0.4853083573718959,0.3731673692307836,0.4139979079508965,0.4130329443995786,0.4130290564218418,0.3714223374987653,0.36587300842776754,0.38694751066719896,0.34431264934953953,0.2802255526250027,0.11088880012660446,0.14409024977941318,0.1344657405516555,0.19760712434649008,0.23795039618326622,0.2696874642490278,0.29953669143701667,0.3493321847130431,0.3926466808303819,0.4354152561180431,0.47867687535154824,0.48106024787229584,0.3833301742209877,0.42782565257343386,0.3284930894977597,0.36892744532580496,0.3487179922153939,0.39306778065181985,0.4171206971753622,0.2892358031905792,0.3073052516538679,0.1812721218075773,0.28817656573876926
IBB,award_count_30d_avg,1506,36,0.0779379810430411,30,0.11131577140166181,0.4937104188000955,0.3039660028515046,0.36187029541411786,0.4297134036766884,0.5276398161096074,0.6249983451477696,0.6304422469279434,0.6066879766329706,0.6557658968103529,0.7415985007362178,0.7820177463289901,0.7895219090923029,0.6410475993935492,0.7012778908396573,0.7492991100465454,0.4175544408539703,0.419659399071663,0.5652227821552928,0.6343046956217349,0.622744147170877,0.4528925623772503,0.6193484243232901,0.654328645261554,0.32944164638735346,0.2208451239678006,0.20227689669267013,0.08376845964966254,0.10918375730152502,0.10341253389350288,0.11131577140166181,0.14055395274048726,0.17679098194130213,0.1740789911792575,0.1689494852626645,0.24965799213051795,0.0779379810430411,0.18786346652086275,0.15597572590376005,0.16846675597108957,0.11564151083250845,0.1812721218075773,0.28817656573876926
XBI,core_count_30d_avg,1506,27,0.07786426428276805,30,0.1166307694155867,0.6486015491566904,0.1178255218462696,0.2580906608298711,0.3571896972222666,0.30414360597403167,0.4208329185352066,0.5895570345038408,0.7090432561196862,0.7242006460751829,0.7604770642769206,0.8330465861999307,0.6696657121152901,0.39155937386731016,0.564615143853735,0.5568707204718284,0.34245738089391503,0.3483697629576555,0.45741634747875237,0.5374414033206167,0.4409495158018294,0.17210811532578385,0.2721641551497272,0.2940770284787219,0.1522807822879545,0.1450315666256335,0.1484929603564061,0.07786426428276805,0.08557315648621053,0.10765019849819855,0.1166307694155867,0.13552323236402936,0.15839018208744357,0.17203763683328005,0.133767390392035,0.20983245440943307,0.14012292267474596,0.24852200741334424,0.21702430815932763,0.17566596015955765,0.13791809210755498,0.1812721218075773,0.28817656573876926
IBB,funder_count_7d_avg,1506,4,0.11858954437023632,5,0.11939118190372022,0.7722863007637786,0.12313278684909246,0.21220128111760106,0.11858954437023632,0.11939118190372022,0.18361113345703775,0.28519302612401226,0.35361853985174874,0.4403003755246877,0.2706570788651084,0.20758171440575623,0.2492619326514014,0.2535387933315534,0.26953423980768737,0.35105568256990005,0.3586255357105083,0.42599720880422504,0.48789920620614613,0.3959551545917543,0.4282544222577647,0.47997257351638756,0.5939619859247863,0.7128527409743342,0.775656959605634,0.745846642665601,0.7649001532459682,0.8026619481460869,0.8598757057230535,0.8901430371307667,0.8226960462772577,0.8235859823139442,0.8270566188395755,0.8585431538158123,0.9015889250563848,0.8674557095255415,0.8861594033249897,0.9233195237744165,0.9317526245863282,0.8870260237737223,0.8978278807967254,0.21690959616994174,0.28817656573876926
IBB,subfield_entropy,1506,7,0.040978266826927456,35,0.11996535935671274,0.09698842416731351,0.2500110811315393,0.10501858008937795,0.10892293330058474,0.12960034623176017,0.07813297545845696,0.040978266826927456,0.06431578379736963,0.06464409453323876,0.12834557811364666,0.15591704859199826,0.12097389066266284,0.16001504013886364,0.15835258998054738,0.22950107560667987,0.2694685580661421,0.31689322346153953,0.3728148123110206,0.4193828862063319,0.3985347733206466,0.3523929445851387,0.39862611062897524,0.34316290727780246,0.1552632827891961,0.15746324661535685,0.19344620156415807,0.20986514257476468,0.25755918931700217,0.3081351345249209,0.23084762660578811,0.26035399049373104,0.287730736403697,0.19681192473146147,0.13515909317664995,0.11996535935671274,0.12190526849544084,0.17856767769193396,0.20630037287380254,0.17299565093231883,0.18848237639280094,0.1293883602986228,0.28817656573876926
XBI,daily_pubs_growth_14d,1506,1,0.08094695814310696,20,0.12364028499115244,0.08094695814310696,0.19702616692370362,0.10941911255750564,0.1814177681726165,0.18122016523983842,0.2596964649111889,0.34184392653504037,0.4442206078248704,0.5336400220735491,0.5043785428311095,0.3377458159812913,0.40552706957943524,0.4899379427486471,0.5328375306921653,0.5023930741188598,0.5719422245905259,0.5925334764169061,0.4786821733123763,0.3445490018060798,0.12364028499115244,0.1301391651925864,0.12911374228973913,0.16395753553793832,0.20268091720456646,0.20769249240854992,0.17528572862935465,0.20640672206357508,0.22470803101102516,0.27794294317745477,0.3106802238497656,0.3016491062179869,0.25936372510327355,0.2978091936434608,0.223764516271414,0.2588450820004149,0.21808138097182755,0.2504265875972749,0.28815163246856956,0.2673064801578155,0.2900497314020478,0.1812721218075773,0.28817656573876926
IBB,daily_pubs_7d_avg,1506,4,0.08842542527198892,5,0.12840026211596292,0.9003456384920722,0.10005751729457071,0.16813510430155443,0.08842542527198892,0.12840026211596292,0.20294274085414013,0.31192270569185004,0.38865709455410397,0.49375366741494053,0.353656676189478,0.26373672791976016,0.29886881209747207,0.30139003690619687,0.33442725707615406,0.40487973162490903,0.39206869688676876,0.4617614230692896,0.5200276950172473,0.5361187136081913,0.5775059355033119,0.5994156908768083,0.7214685777162237,0.8198458978069341,0.8698469318506068,0.8662420311680984,0.820673826824098,0.8512739739853515,0.8913336644127681,0.9124351429878538,0.8341231555080094,0.8593301772118664,0.8841214445141744,0.9080816510218539,0.9318924913872121,0.9051394928980284,0.9221593907196634,0.9432705308484566,0.9483029947579792,0.9085117842422415,0.9350029775234109,0.1812721218075773,0.28817656573876926
IBB,top10_keyword_mentions,1506,6,0.07652036336604366,5,0.1299768657283153,0.08048772381311492,0.144039588935216,0.16985881037221218,0.11479245515476356,0.1299768657283153,0.07652036336604366,0.14507591911673026,0.20107835494604517,0.19731924982300697,0.17127205454055838,0.22714608137338932,0.20674660498642505,0.26271969706952863,0.30743269120647587,0.32396960778398415,0.3192981442522074,0.3317874291106856,0.3164328048873569,0.3708508872357902,0.26172518679328083,0.32131822188150216,0.3357598650221265,0.3087895547153284,0.36759303668643944,0.41890574108991807,0.4901660079590495,0.5250100505141285,0.5747790887807973,0.3906426139225925,0.38274672796503434,0.4036567086735549,0.3514964137807432,0.3745832915079829,0.33908438671987967,0.3519148637554448,0.37461267608084425,0.40174524776116605,0.44763114228117873,0.3144499565170124,0.3395787961581479,0.1812721218075773,0.28817656573876926
XBI,subfield_entropy,1506,9,0.08785867527759703,10,0.13003088941871296,0.2474202396686178,0.5154942769605634,0.19497057529571166,0.2625453904122009,0.3147917415674048,0.19705804545920425,0.11960453884251765,0.09462398321479401,0.08785867527759703,0.13003088941871296,0.14161114301802713,0.16744583155377282,0.21809431864746498,0.24854200936762147,0.31295017578602524,0.36999716647953385,0.4422635294625258,0.5237351259081515,0.532777068711339,0.5139322318832253,0.5444003986888746,0.6006808987146444,0.5495208933781273,0.39401460646681113,0.42169213854646503,0.47889658061636364,0.5229314389841817,0.6028062369272942,0.6293597687573826,0.2587996472088905,0.3137931891437913,0.337265682640167,0.3024488056570806,0.2920942749028432,0.28688168031807165,0.28445184597159084,0.3422290314858014,0.38390868065647604,0.3543825289811968,0.38411793642452924,0.1812721218075773,0.28817656573876926
IBB,core_count,1506,6,0.0720376089834169,5,0.1422060418253882,0.09786225590547115,0.1282161398431044,0.1200903098210883,0.1020642988612716,0.1422060418253882,0.0720376089834169,0.13833266749933687,0.20016893413507222,0.1958861522530212,0.14727502640580858,0.19793879578492585,0.21052642688046608,0.2577979424602658,0.2780728841180675,0.2805614708748021,0.2936076360898799,0.3024348148392222,0.31419239996296927,0.36983428554184666,0.2604453825734912,0.31555178613447155,0.3429679916524683,0.3130155347903176,0.37650691924780993,0.4296052188332985,0.5007713370890869,0.5532679806910412,0.6025164248469799,0.4231549558488495,0.4339864736683992,0.4365522103852783,0.3844217735802242,0.41389716663281473,0.3675275824150225,0.38071302789515193,0.4277884563765712,0.45980801363234336,0.5017740704992759,0.34145782511320616,0.36872352254365537,0.1812721218075773,0.29493749936033864
XBI,daily_pubs_30d_avg,1506,2,0.10388750090843765,40,0.14292594680612478,0.6371022185845038,0.10388750090843765,0.23872924735258072,0.3467987858759287,0.33060059790063867,0.4428790537931121,0.606531518041127,0.7091895391830982,0.7269291048355431,0.7581351606248181,0.8325478284050429,0.6933517041995882,0.4334406695948463,0.6378889227800422,0.6557922761413282,0.48099135154192874,0.47834785334924357,0.5873088417543532,0.661351581880782,0.5644433823840169,0.21609548590157474,0.33879248125050665,0.36247197808044124,0.20685114336126528,0.2153784958405938,0.22935664706326397,0.13406173187375642,0.13989917219630635,0.16983362103153773,0.19099951169985016,0.21657754168751722,0.25163156716323015,0.26960784750891925,0.18030847953392903,0.2757987036316997,0.14027745681121653,0.2599635028121391,0.21504145622342993,0.1641614277270845,0.14292594680612478,0.2021042860434062,0.29493749936033864
IBB,daily_pubs,1506,6,0.07090547155412519,5,0.14387195090748225,0.10242280098806313,0.1458279661218596,0.12883792252016552,0.11201607359400113,0.14387195090748225,0.07090547155412519,0.13435548878490233,0.1981272844458241,0.202532253562598,0.17045030674344505,0.226633032342808,0.2185994286081513,0.2749522614227141,0.29509399350379734,0.2661347002184967,0.26553921046380907,0.27110385300896034,0.27426612457314864,0.3222463272745872,0.19912529822947148,0.24808433555683984,0.2590503428444234,0.25118398057551455,0.3065522929640907,0.34861200928690167,0.4140588691968279,0.45867297915078875,0.5058997327897152,0.3582561564718098,0.3728858092164523,0.3753410143373342,0.3227394631681972,0.3573636063814113,0.288157993589386,0.3031361838177509,0.3440648426398616,0.36434283592647576,0.40575688238722024,0.2911424290838277,0.3140190635721909,0.1812721218075773,0.29493749936033864
IBB,total_keyword_mentions,1506,6,0.08032213056261008,5,0.15048673755494832,0.11204994804219824,0.1637786844445037,0.16641582545551104,0.12082362759897189,0.15048673755494832,0.08032213056261008,0.15155578206273385,0.2113843567352207,0.20816022587401173,0.16837880520191933,0.22536643969942025,0.2092868537087743,0.2600876021134833,0.2941784565925456,0.3042147279703032,0.2945944848812733,0.29829607045733075,0.30899882856630045,0.3606882598106984,0.2236535800776341,0.27574743091972453,0.28712129509892503,0.28859774452032766,0.346987169004996,0.3996053057283007,0.47054973908779196,0.5032893141674655,0.5515115751668414,0.38646555952786,0.40328972748900005,0.40736694966551384,0.345501475534453,0.3800710639345425,0.33809665863006355,0.3614278197684738,0.4040211934181108,0.42232306235452405,0.4657374774795282,0.35651817595819113,0.38391443164174754,0.1812721218075773,0.30097347510989664
IBB,core_count_7d_avg,1506,4,0.11903575399569974,5,0.16235126553004767,0.7687518488205705,0.12144257524179146,0.20602786825565209,0.11903575399569974,0.16235126553004767,0.2705197374667569,0.3932929896747403,0.47732147642734,0.573012801905741,0.39320678236556295,0.29459334346727417,0.3362135509251483,0.3353645163319551,0.3621948429245045,0.4384444016671348,0.4299923924549177,0.4986284782179693,0.5543925697467802,0.5402561132177542,0.5827053766956731,0.6297155928111358,0.7469370999222742,0.8448839412323448,0.8901518546806899,0.8831950930824133,0.8489585688991503,0.8771604490042915,0.9149563920129109,0.9357347465456102,0.8910945345195096,0.9075599890577948,0.9181346766502289,0.9371121045614343,0.9554549607354931,0.9278025798440642,0.9370550407712699,0.9590799861528609,0.9625616540482324,0.9371544583970158,0.957039539514551,0.21690959616994174,0.31697151841580734
IBB,award_count,1506,1,0.09298266557012017,5,0.17581290717166062,0.09298266557012017,0.15736843293211686,0.16562964208254705,0.14450519139949872,0.17581290717166062,0.16423311547334135,0.28308056990168745,0.36349149497101235,0.36696657722129583,0.3059885317811922,0.381083490897975,0.46767373685446056,0.5220080461903673,0.5663025514257063,0.5727833390311454,0.59661407510304,0.6416819247410863,0.6980312212071162,0.7356936940194331,0.6638696741509748,0.7008613877780159,0.7359183694935691,0.6512870852145496,0.7004493262606315,0.7561300654794904,0.801448518332497,0.8303003986630839,0.8549879890665735,0.7177217465375603,0.7580900929917639,0.7397867402147489,0.6063099306510791,0.641349255730149,0.6167160791919573,0.6013769910262656,0.639483704629815,0.5747730830186956,0.6142416952434928,0.47486542832771594,0.49553486555693227,0.18596533114024033,0.335271125304097
IBB,daily_pubs_zscore_30d,1506,6,0.10598151585203008,5,0.19281597300282965,0.12665790959918052,0.12138833712885001,0.13049649881806843,0.1619616481242546,0.19281597300282965,0.10598151585203008,0.18016166531227448,0.2585386981761396,0.26317890458115084,0.30866820631398934,0.36739489019387694,0.3636701755461404,0.4272893668005839,0.4381558705860376,0.4623600140979993,0.4772443292667661,0.4980191184028063,0.47176558010508274,0.5170574164708048,0.4015427903299592,0.437359258737628,0.47475607713900947,0.36539763085190696,0.3431929422469178,0.37534179025466685,0.4203917823958974,0.4737126839486452,0.5343772796964665,0.4892655380833846,0.5393181854206708,0.4652075838908191,0.2681075438815168,0.3064926759398126,0.20430258169167886,0.23688419772856475,0.2658149477021638,0.27383094361979377,0.31257242745450226,0.2218006594787206,0.24513888784148002,0.2021042860434062,0.35373542885491355
XBI,daily_pubs_growth_7d,1506,1,0.18839612336927614,25,0.19928974867057045,0.18839612336927614,0.3709809485529164,0.4406448315529954,0.5591372779230317,0.22547417669161413,0.18841674998858593,0.2074390615875962,0.29418772206320937,0.33818823481411375,0.3939600988169952,0.4832007677099447,0.5343138327499768,0.6095469615054878,0.6363784830939602,0.7054086445706893,0.7358787379536178,0.7449463032569361,0.6088938893185034,0.6674252687016632,0.6054828222149874,0.3293349275149914,0.3586179012816715,0.35366167391462155,0.41503068056091874,0.19928974867057045,0.2378316105903534,0.28069392119913494,0.3400758145138928,0.2923049457327923,0.33325562087424504,0.27610344422808936,0.23060507867619512,0.26933758739501085,0.1959060556018343,0.22331778302318886,0.20882713812088105,0.19565620363526326,0.2047853574896554,0.23108532995438885,0.24249094695560935,0.2878902434804831,0.35373542885491355
IBB,funder_count,1506,1,0.14845201968972804,5,0.2007714823972832,0.14845201968972804,0.2058922842770182,0.2576294103865,0.16959310211306752,0.2007714823972832,0.1765337492027622,0.30272004322061413,0.4036032788747693,0.4014438947828859,0.3248518799486257,0.39574349189692093,0.43144499960551436,0.4884501101940316,0.5131706385864778,0.48647595128952503,0.5294563251642128,0.5508688169530999,0.5933896056893571,0.6331049791946232,0.44835459181662846,0.5113484479823296,0.5728853704732627,0.46537886741202816,0.5238708328827911,0.5892350540532367,0.6514584658420783,0.7001491499968264,0.7479597996590508,0.5633339068199043,0.6123245184912918,0.573586356006371,0.4173990468751418,0.45288789543249436,0.4274061169276662,0.415831218063789,0.4582743981625775,0.4588206704168699,0.5027519033037495,0.36236165037989626,0.37739999994045165,0.25336971313139084,0.35373542885491355
IBB,avg_num_keywords_14d_avg,1506,11,0.17239494764757873,10,0.2027507945875724,0.1818076119689079,0.33973175846373127,0.4728283879875004,0.466288216211426,0.2777130519993514,0.22725608202372188,0.20389143200246848,0.316445080445125,0.39451092756277534,0.2027507945875724,0.17239494764757873,0.2009597463931733,0.2547759112034805,0.30035826717343994,0.3425253204808099,0.31754157412527856,0.2766204716015453,0.33783016550194506,0.24225534174618477,0.25652497557775356,0.3381610050916511,0.35972766657149186,0.3614731347457857,0.407082681221481,0.3931173841272721,0.38949086833283564,0.39149147329039846,0.3037957474656249,0.3327334105577338,0.3621844412104544,0.38044765483738535,0.3807611484091651,0.4129227603263486,0.33702446811012954,0.3374641782775799,0.34355637388507454,0.42025368722598133,0.4582220136112234,0.45675059159253356,0.45151241492369265,0.2771840334725776,0.35373542885491355
IBB,unique_keywords,1506,1,0.15140385296875794,10,0.21591601943995198,0.15140385296875794,0.19907821871699835,0.21995068506975576,0.2148192870324169,0.30705893124322936,0.1661646973933121,0.2889415324708653,0.37964663084005895,0.32437558321144144,0.21591601943995198,0.28353623791194354,0.3106201755365942,0.34481096661277755,0.38045205022315964,0.42404002409897407,0.40648592862324257,0.41399700014384594,0.42788149079512794,0.4674804719659923,0.3463244227977374,0.38775850984306465,0.419280250757565,0.41892453632949594,0.478141597238951,0.5429805511883756,0.6099871599642535,0.6608353994230692,0.7116623499989687,0.5343858414002836,0.5728488082953365,0.5761346550238239,0.47622259650727317,0.5126675683715203,0.4754574130065592,0.5073090899529968,0.5627842936300727,0.5605667074988709,0.595919058909141,0.4875351172731197,0.5241426596483036,0.25336971313139084,0.36073736163737397
XBI,award_share,1506,6,0.08610080248103125,15,0.21665693667347602,0.6959845430996112,0.3510717682287308,0.5434373893519059,0.5567396819475244,0.5028207636597191,0.08610080248103125,0.12420129297276937,0.18049576288660485,0.21819542735202832,0.23615265989296683,0.30067409935614164,0.2519418441496044,0.15172327464392987,0.16622699045655162,0.21665693667347602,0.2872613789002295,0.32432854029567976,0.17442925595818928,0.21983957024053197,0.2775898370490215,0.36412278621957334,0.2916120002332373,0.3805268360190449,0.41713748829930986,0.48325759567820403,0.5297608016057398,0.5567270225876033,0.5606486938886235,0.6092185671073154,0.5552447520535981,0.5795142709860632,0.5989395021861534,0.6313917127461435,0.6420690247849072,0.6210368343672203,0.6551763296676937,0.7396321183469545,0.7715915582500047,0.8038600592661906,0.8371183749651265,0.1812721218075773,0.36073736163737397
IBB,daily_pubs_30d_avg,1506,2,0.13723971840499588,40,0.21996180587644754,0.31669434412578173,0.13723971840499588,0.2341712757897924,0.295193010027913,0.33196631141455224,0.4296838221182919,0.4894170864294082,0.6031486387689319,0.6570361354923631,0.7096351457293999,0.758053593002025,0.7798384889559187,0.7233237433740074,0.8475387120447755,0.8817839758604339,0.7312841547940874,0.7231621237276546,0.8302579690698831,0.864230057880972,0.814315134758963,0.5178644161448591,0.7170555135204295,0.7540713204933035,0.48225566782395246,0.40859208199086733,0.4303308611597592,0.28582807589654946,0.32082016997534635,0.35463049716403083,0.3785483349530666,0.41870632263667157,0.46363211797713644,0.48987347305473683,0.36202981627080405,0.4511495726379522,0.18212566467478614,0.3887551336277946,0.34146341963504445,0.23294349766599062,0.21996180587644754,0.2394395087065886,0.36073736163737397
XBI,avg_num_keywords,1506,29,0.18572940762766313,30,0.22784257574814662,0.5796656889404245,0.8500188777450701,0.540397284596931,0.6860294934825873,0.8124332300881151,0.9209357594996501,0.9468551677012683,0.8841977447592233,0.7467371785021206,0.7309700413781253,0.6950555558096899,0.638068730762022,0.7208076938591461,0.7450345764782054,0.33066976025574357,0.340725467140399,0.409250081929744,0.4843217927767647,0.5516648068313996,0.6130876405010591,0.6948744079555658,0.7357451651888762,0.7820279436607727,0.7133755412155969,0.49835729424949105,0.40041235591091046,0.22779935318645084,0.2005461979309525,0.18572940762766313,0.22784257574814662,0.25633597400623875,0.3005860109816934,0.34428223696299404,0.28952143810088377,0.2721497335195684,0.3011391236680807,0.3273504171693758,0.24906501564765818,0.29176208005189486,0.28914648707045737,0.2878902434804831,0.3663351217911377
IBB,core_count_30d_avg,1506,2,0.16988393962917883,40,0.24196810008068104,0.35339872622720697,0.16988393962917883,0.2720477933162909,0.340286438711653,0.3717847036221939,0.47205872723212894,0.5181858645481155,0.6108509227964614,0.6516663921899504,0.7083922484788115,0.7607577955778783,0.7736867916606829,0.7071762100304271,0.8298787379293788,0.8591796966162482,0.6387138275498713,0.6331779645555284,0.7585971656191449,0.8089912096264592,0.7446380369824187,0.5006316817427652,0.6861719739453715,0.7182191651517189,0.42241042700494097,0.33361317176803834,0.3464921727986873,0.21622160949220265,0.2530401642740795,0.2712317957404874,0.28103594982929825,0.31680218273018274,0.35572912254591216,0.3722349411461974,0.30625597744802985,0.39140748088027066,0.20130206580610072,0.40082441248892675,0.3469891103938907,0.2796639362023037,0.24196810008068104,0.2771840334725776,0.3815650808964586
IBB,avg_num_keywords,1506,28,0.19778211657738748,35,0.2504428244474755,0.5228792516603654,0.6866965992466768,0.6785099966162443,0.6315327610896536,0.7458532331710781,0.871826006453388,0.932517678803623,0.9490253792639443,0.7186608345874765,0.7701585061468073,0.7871315723080552,0.7437877195738049,0.795546795594607,0.6681306816279444,0.27935391166783197,0.33845907285567756,0.3862711462429626,0.362943728851998,0.44442836323913854,0.49793212825509914,0.5599155536701157,0.6135963622764191,0.7316771710456018,0.6039391453106959,0.4545789460668508,0.3463191140994116,0.2565133465268255,0.19778211657738748,0.21911189507945628,0.2624251502591008,0.28821580299791916,0.3453848126597366,0.3751727600579336,0.26258901729046025,0.2504428244474755,0.2802030207463823,0.3022831904345782,0.3082647465401867,0.34086707386302695,0.39830677018068733,0.2948751556244686,0.3874775774470376
IBB,daily_pubs_growth_7d,1506,7,0.18958625790178155,40,0.26612383303927956,0.5454073327621545,0.7906766918421174,0.8390885496485596,0.7034402931036297,0.420200281442793,0.23888036379485758,0.18958625790178155,0.3063450619719483,0.30269605442342595,0.29757243888334356,0.37371568067461447,0.4136392689958452,0.4353140344807836,0.4744215169996553,0.578492157362512,0.5787606622411742,0.5742882252957523,0.6117350104204474,0.5737438273688076,0.4723933709288054,0.4577422306406273,0.4844083707441239,0.37906986254106434,0.41077567490679384,0.33274295887237654,0.3770216659384799,0.4298947826560915,0.5101905696709502,0.3029086145022037,0.35154935290819617,0.35805040166756547,0.33190768163391926,0.37801609814743026,0.29268599279312507,0.331455585523808,0.3249060118117303,0.20820213446547187,0.22029618885411137,0.23852198445828013,0.26612383303927956,0.2878902434804831,0.4027044926013684
IBB,avg_num_keywords_7d_avg,1506,24,0.25918270650932745,5,0.2701066718667715,0.4336979401910466,0.6792299960303341,0.8256277247014909,0.8971957000049344,0.2701066718667715,0.3502686727491566,0.38834892710599905,0.47827478068131646,0.46057001617963333,0.4846370004260264,0.5398424833828314,0.5100743310685154,0.5739081807030255,0.5860673452129683,0.4840721310302494,0.5362885456003019,0.5958888841960772,0.6262415499247171,0.6839110777505502,0.7388486636803255,0.5924844105668734,0.540640070227276,0.6032638593202204,0.25918270650932745,0.2870404344085164,0.328655260837219,0.3584162234278291,0.33911722202629757,0.3793844957367624,0.4297747895881909,0.4623265537801843,0.5109200061961956,0.5321974962215092,0.525647683106901,0.4736720086409937,0.47084329097548916,0.5378314250378853,0.5561644269358628,0.5814984338464861,0.6357503449560856,0.36022003277567544,0.4027044926013684
XBI,avg_num_keywords_7d_avg,1506,1,0.249294238246217,25,0.3026333949324506,0.249294238246217,0.4788611439116587,0.6810954892305008,0.8027822963812176,0.3291055013246519,0.3596930263180281,0.34584728603857484,0.3305290135789889,0.37556438333673736,0.42691103465285524,0.5062283056273259,0.5219323161696539,0.5918952552617005,0.6784646361571531,0.6430203247371669,0.6890646852055031,0.7433843440930465,0.8059901121166255,0.8497479022646155,0.8428839240293583,0.5865698599236695,0.40742638457086783,0.46178222772685495,0.2644696671963637,0.3026333949324506,0.3524404689891753,0.39180453805225807,0.3591742755684244,0.3968901262741372,0.4527021137870187,0.4399920648983505,0.5020485831268082,0.5553746307780388,0.5212977745051225,0.5302041627281981,0.46013079472735996,0.540539592167117,0.5451776417038188,0.5675515721303468,0.6070877593880046,0.35863381642438236,0.4371535723572471
XBI,funder_share,1506,6,0.2919341324900035,35,0.3038750441995498,0.7983805620185065,0.32346028868315324,0.44700989411363035,0.5370451586028977,0.5623497774168674,0.2919341324900035,0.3207261297213834,0.3853740131132193,0.48240930125971637,0.49866314669594813,0.5307155273442566,0.5799252683604605,0.6420977473708509,0.6638881937128848,0.7313683888224776,0.7378496878305165,0.7746483867909435,0.7266993058521269,0.7924238061099305,0.8361155449960987,0.8960290871071652,0.6266796761411205,0.6990846159257411,0.6001686064821317,0.6664509555435401,0.712285867487263,0.6548338903692086,0.5805020965455933,0.6519035725101645,0.3861742808954147,0.30576698665526686,0.3098157063791702,0.35386317136573747,0.32480004881823177,0.3038750441995498,0.32181813145098875,0.4108319447745337,0.4596072607498885,0.49630495168353217,0.46790145052897403,0.3682861363720044,0.4371535723572471
XBI,avg_num_keywords_14d_avg,1506,1,0.2799943896175181,20,0.332114904567262,0.2799943896175181,0.37987584632682375,0.33585431723375275,0.4870579706894699,0.47160318264731993,0.38781855685434635,0.3396060659838441,0.43497323365638174,0.5355002658529824,0.3873072615357219,0.422754631322721,0.37276942250041684,0.42133252445354247,0.5205456798420482,0.6045849632108514,0.5705214085062871,0.31910147175677006,0.40417696719974694,0.30434134988918565,0.332114904567262,0.4049240627226709,0.46624803188039377,0.45512728023858046,0.5079229099090554,0.5233281555751637,0.44321200371529296,0.4698786037640129,0.41362155721328653,0.4717792572676045,0.5232304726567762,0.4751345853961202,0.5068012925972286,0.5071037008540609,0.43792784394233386,0.4448866689307747,0.46546079736246654,0.5293285782284725,0.5516781959470058,0.46319660268649504,0.462108276577886,0.3682861363720044,0.46452106203212795
IBB,award_count_7d_avg,1506,2,0.2833021863376919,5,0.33422856902311643,0.754735558453435,0.2833021863376919,0.42656687099171087,0.29219064606916506,0.33422856902311643,0.43845732274270743,0.5554730330755042,0.6239400758084868,0.7208286162131234,0.5617910684817118,0.4819105365043823,0.5441058579968523,0.5637018589985585,0.5911928928310416,0.6882802870417332,0.7352730491304105,0.7892497168213393,0.8212473988567912,0.7144496729665513,0.743226567322683,0.7332987444801611,0.8038651789347,0.8858748181713664,0.9184403242519008,0.8811828093896339,0.8867143250387792,0.9098824686846911,0.9332125314707339,0.9504029389420932,0.9138662057122128,0.904512038436001,0.9044144603635004,0.9254171910455222,0.9461565536785962,0.9371161259506767,0.9442824205028904,0.9563477813963004,0.9578960228978702,0.8969876237802143,0.9092793236177528,0.3682861363720044,0.46452106203212795
XBI,avg_num_keywords_30d_avg,1506,10,0.37534278686123723,10,0.37534278686123723,0.48671143638406056,0.6634532765471489,0.7218745938053579,0.7162236611017658,0.8047531974931977,0.6094236404744979,0.524478382499737,0.5743679744082006,0.6313350946588455,0.37534278686123723,0.4746735526777941,0.5543507641218477,0.5274643890968922,0.6822101178561659,0.764849653347683,0.4765720345326937,0.4828678150621719,0.5452624774545288,0.6307983883966591,0.4416268910643329,0.5457152804979286,0.5520029744007577,0.4675253900795565,0.4697408662233554,0.4678756786459599,0.47675077079407757,0.48761397370414816,0.44494650637280114,0.4717289969780446,0.5252619900881513,0.5345450050979896,0.5790624200912553,0.6100890295253045,0.44821806717771207,0.5443171289888409,0.40014508012999545,0.5177264081659577,0.4848740385181127,0.6099805892070224,0.5640753640725114,0.42619378336930913,0.5129684753770243
XBI,unique_keywords_7d_avg,1506,2,0.23134089126203403,5,0.38883112821726346,0.48107728492581436,0.23134089126203403,0.23225254956965602,0.31367318845878134,0.38883112821726346,0.58348478518649,0.7110515898496625,0.705597200521833,0.8118282033278978,0.4813710051531018,0.3329566660039837,0.4042767630858499,0.4562376749570972,0.5568173702086485,0.6353222272503158,0.4579418871807601,0.4252418599478162,0.43743418063187145,0.5079100112180259,0.4590748832172148,0.4995064814091913,0.5355912659218076,0.5712501427954366,0.5550417001438817,0.6135010324703931,0.5835107385954545,0.6479147418697275,0.6846318671028012,0.7524398959837172,0.7655117589498515,0.7915533985227134,0.7717622349102862,0.7958221038247488,0.7890025871107094,0.7652693800267171,0.7761544499713251,0.7499630707340144,0.7679433018492954,0.710030393883883,0.7092137978011004,0.33874916220512125,0.5226910248166492
IBB,daily_pubs_14d_avg,1506,13,0.31579380238226484,20,0.402686899935975,0.8194771754370694,0.6565112811059968,0.5381660849144063,0.6708144164683908,0.7572824789053867,0.8377385263616062,0.8749625386825568,0.8798958810453423,0.9213288667408095,0.9719122399301298,0.3670371364176703,0.37611782209350153,0.31579380238226484,0.33927548396235174,0.4207363263764933,0.4634402035587917,0.5343826684075055,0.6088491985430109,0.4781564175897648,0.402686899935975,0.4854564911564877,0.5838066522244195,0.6726658234349168,0.6940237586784874,0.6677224483853099,0.7051238330276546,0.7307948456918516,0.7540482585990063,0.8040356053684786,0.8281815035983399,0.8299423568504215,0.7841536689066019,0.807153338711113,0.806308053745027,0.6830094228322716,0.648181526815593,0.6511542024748136,0.680496700206968,0.6445581543805047,0.5642616412052261,0.3864939073932197,0.5243318775153026
IBB,dominant_subfield_share,1506,1,0.12411336895359859,35,0.40284034492029347,0.12411336895359859,0.20151443383798706,0.33606452715463403,0.3484293839948578,0.4650724665704856,0.3930545207020936,0.3963716324139297,0.48655820243268855,0.5004647632132004,0.6254508490834858,0.6373599099534057,0.4571362780378323,0.5256572634930664,0.5607013431017269,0.6629107676127115,0.6037464393704216,0.648894889232738,0.7076280444677241,0.744468724903917,0.78156133990478,0.7177152116040213,0.6922973338692906,0.6672975307829749,0.6240177985736386,0.6321541900001033,0.6773229604040689,0.5539362303913389,0.5742634046004775,0.639890257686095,0.48750162061812174,0.5462013030105637,0.5799071167699267,0.43304569362841555,0.4319509758033972,0.40284034492029347,0.4352630903150548,0.512934922086608,0.5571464041334422,0.5188809219179538,0.5784774355583888,0.22124557074337137,0.5243318775153026
XBI,core_share,1506,34,0.37045997373229933,35,0.41462027304069654,0.9582980005901512,0.3818554414017767,0.48838779495254037,0.5683408049694474,0.46473627677021234,0.48661000937041743,0.5036976394297614,0.5889200069467637,0.6601689288805783,0.7145198043741787,0.7979342852133616,0.5944819005906601,0.5358098163733609,0.522554534848479,0.5055531917533844,0.5409638099830076,0.6208687819612946,0.7295666182963442,0.7817647704979683,0.6009901691751058,0.6819814031915146,0.6246548201414359,0.4687090392258064,0.49393265560451904,0.5229703569447013,0.48426824741462504,0.5130901355469354,0.517426110873527,0.5721710787084935,0.519716800328814,0.5539342857222596,0.5005775127378227,0.5437821384770671,0.37045997373229933,0.41462027304069654,0.45557576247187337,0.48462952837621487,0.4879436607642865,0.5489416253515744,0.5667714485716092,0.42619378336930913,0.5312322248333924
IBB,core_count_14d_avg,1506,13,0.3248457786493483,15,0.43721832408288036,0.9538045549450971,0.7787917069068954,0.6203112771429116,0.7529345069178738,0.8091133319488021,0.8664272202604748,0.8818038584494856,0.890283498068332,0.9388119144516535,0.9800005286447538,0.41394450149136414,0.4067239218146669,0.3248457786493483,0.3467497080237115,0.43721832408288036,0.4740533796115358,0.5413306547209306,0.6152432765052975,0.5062850074750866,0.4430419681235943,0.5294691412372247,0.6222708160378949,0.7123968714252188,0.7354153873803311,0.7348583440015328,0.75874210660048,0.7761985350458195,0.7976014642659384,0.8412196892317562,0.8648849654967903,0.8668054341876682,0.810293965393381,0.8244794479338715,0.8301621401135194,0.7157006635240251,0.6582493997135908,0.6810582189100204,0.7186892860288456,0.6825481925763829,0.5686575529804753,0.3904418834845661,0.5515677319199414
IBB,funder_count_14d_avg,1506,14,0.37941641690194594,20,0.4644954298476771,0.9677477988231044,0.8888243365632185,0.6713231304413493,0.8123804713240503,0.8545632881586844,0.8985833493337594,0.9012571825800494,0.8858444888086777,0.9498989832046583,0.9727634803090704,0.4614046158952809,0.4737455552546682,0.380992944890279,0.37941641690194594,0.4755927013263086,0.492290819272419,0.5365112167510594,0.6192538332511668,0.5324229476443643,0.4644954298476771,0.5868816825514072,0.6952288728529069,0.7580502606152513,0.7927996846492856,0.8020341554369406,0.8078755405624396,0.8176814946124641,0.8149249246303609,0.8523502652584845,0.874175522891261,0.862250252158426,0.801475821875911,0.8149114650034746,0.8229131574090295,0.6369921630130555,0.6238334602422744,0.6833143611361037,0.7130101426593614,0.7189101157945883,0.5832102352869017,0.42619378336930913,0.5719487632577358
IBB,funder_share,1506,32,0.44823861654321484,35,0.4713274666263607,0.756978388908965,0.6605970451863542,0.8080791627672629,0.8801766409057812,0.9439032199138013,0.7595791079851945,0.8154992614787555,0.7814414313265466,0.8093621628584814,0.8462529067061004,0.8264839046422893,0.8205552266914348,0.857686099478747,0.8759887577753808,0.9216898979120369,0.9208858280866032,0.9410003325769007,0.9132774524692941,0.9307657929552127,0.9518569934395738,0.9690108707919626,0.6850785604331935,0.785960299944655,0.7212416921533655,0.7597318636302974,0.8007714298367776,0.7894246202239836,0.7473870631894621,0.7976514561226951,0.5381861942796955,0.4608211080946772,0.44823861654321484,0.4987713894390484,0.4637801631751442,0.4713274666263607,0.5088656207456743,0.654459342422642,0.7017995537389441,0.728496194892927,0.6759973577366588,0.4773450202148522,0.5719487632577358
XBI,keyword_entropy,1506,1,0.4292533435890956,10,0.4778123796455406,0.4292533435890956,0.6903436797213756,0.5633029715198028,0.6871354247676768,0.6447249633617631,0.6319550045541862,0.7480840735297938,0.8225996483759695,0.664180217889973,0.4778123796455406,0.5611331426434054,0.6564385777215218,0.7135230677649462,0.7461971601767534,0.8048387800562831,0.7064981605271436,0.7581652758976095,0.764945794294175,0.6759065303188307,0.6941992576484344,0.6913029115088674,0.7400337897822363,0.7786808687593729,0.7872319327900582,0.8099623664161357,0.8469335200143285,0.8830162571386623,0.9220237688094148,0.9407310853659184,0.9552254923765815,0.9442091460873092,0.9288074893691197,0.9435991733331719,0.9503262776897826,0.9584985801735149,0.957813565327802,0.9639641951290849,0.9170313613200268,0.9047756492283894,0.9196418185998284,0.4641740975753807,0.5719487632577358
IBB,keyword_entropy,1506,1,0.40086588424688735,10,0.4812739593266313,0.40086588424688735,0.5942177559299393,0.5377153021698395,0.6705472672170443,0.7979707181161771,0.6095592986456102,0.6643354489953215,0.7493577892978649,0.6588695129241313,0.4812739593266313,0.5701979216998814,0.6672794850322281,0.7167251025173857,0.7620682223255272,0.8342324644696436,0.8031558116190873,0.8342669611190611,0.8606878830117941,0.8159594591189225,0.7754178590773755,0.7902964012119427,0.8284394240956768,0.8662164399533472,0.8205574774280914,0.8018254479130152,0.8192143709458277,0.8493318722539507,0.8639954033805056,0.8792273751901214,0.8936150345858491,0.8856727718659988,0.8215144063166538,0.8553548345989768,0.8842081740252612,0.901509998043647,0.9143715451256097,0.8991938336156329,0.8374968870847015,0.811311047148272,0.8475338392956866,0.44420273659790216,0.5719487632577358
IBB,award_share,1506,13,0.3708103007116558,25,0.5236820118384664,0.9839035476982021,0.7086100031402912,0.8307529307106074,0.8660274354780941,0.9271717272098969,0.5106850349503446,0.5918507804264671,0.6251504739854404,0.5619414712663527,0.5918148927091189,0.6750326424624091,0.5305699597661306,0.3708103007116558,0.42728315649821946,0.5488474062145033,0.6270279096901696,0.6812084636157767,0.529831202192603,0.5781880416086931,0.6314015799200241,0.6893892688223943,0.4414012621216927,0.4803485933202907,0.5049345553651701,0.5236820118384664,0.5960483650621043,0.627439533272613,0.6480505935503804,0.7019570768082073,0.6346708246075448,0.6510340575322753,0.6875706613192825,0.719793072785636,0.7170648558451268,0.7209481895772891,0.754194709217703,0.8438470575975398,0.8432183094263517,0.8668473816835153,0.8818141573182612,0.42619378336930913,0.6112678164307285
IBB,award_count_14d_avg,1506,13,0.48947774852660375,20,0.5292684752022161,0.9325997745873131,0.9191852237101187,0.7888814467445041,0.8935220478437185,0.900121335010674,0.9327619685247883,0.936068785635981,0.9271555396435335,0.9771044888756462,0.9903631549054476,0.6139637185911263,0.5854405340221936,0.48947774852660375,0.5001156040895023,0.6078705393572632,0.5518518766023566,0.6018861808984814,0.677098108245583,0.5919813961597027,0.5292684752022161,0.6293641206059908,0.7262707365094393,0.8082777954995881,0.8342413639764505,0.840291786456899,0.8388346492035047,0.8329575282300642,0.818150005975432,0.8534177032942012,0.8728922954727747,0.8586443225098348,0.8244357062347687,0.8235281010443969,0.8186997026151157,0.6214310653880356,0.6297148122749011,0.693122591578315,0.7249835147619621,0.759062885010958,0.6376582181572196,0.5145791715279681,0.6112678164307285
XBI,award_count_7d_avg,1506,1,0.2753770154628928,40,0.5689350058109894,0.2753770154628928,0.49723353622845246,0.541693283169299,0.7061495148292378,0.8077875926039992,0.8526622214673023,0.9287095031132193,0.9278576552939852,0.9682313924018713,0.8358205428630585,0.7127663164791215,0.7923716473601499,0.8391981360867183,0.9009024030359924,0.9340121872996773,0.8872655465557248,0.8772344331775825,0.8951707235166687,0.8510339484534606,0.8238697406086866,0.8387722176931327,0.5675965761596696,0.6416701758759994,0.664235833291845,0.7291943593840691,0.6997940695674246,0.7471169499539426,0.7671154539764793,0.8068500835512296,0.7936876555704983,0.8239415431708162,0.7822757410599906,0.8038571299241788,0.8183874837625777,0.8071102610166454,0.8313069351867732,0.8101284620230311,0.8272630679736515,0.6123535830453557,0.5689350058109894,0.3682861363720044,0.6479537566180713
XBI,dominant_subfield_share,1506,1,0.2553299793285813,30,0.5804826277564064,0.2553299793285813,0.39435832537770915,0.5863229354361134,0.6471556040855821,0.7785011152130249,0.6644064776999155,0.6986300722944832,0.5494843588369365,0.5591138257497512,0.6764244730840799,0.6690140265599367,0.6367024751664143,0.7080662963259281,0.7458579625325195,0.8079359087032523,0.8428768225387819,0.8846828608777069,0.9223474346644392,0.9477678375530568,0.9596703771472396,0.956410070882601,0.9138562640219423,0.9191468568259149,0.9162542400000193,0.9295670715682895,0.9446804985801265,0.9188311070689127,0.9344640542488286,0.9333032114833476,0.5804826277564064,0.6504140031349601,0.7023290259245365,0.6687316326162389,0.702188057413611,0.7020447037780884,0.6978754940545724,0.7527051142794584,0.7799117477562633,0.7605618626838033,0.8101342529695663,0.36022003277567544,0.6520489791236346
IBB,core_share,1506,20,0.5992523875178972,20,0.5992523875178972,0.9007835797926632,0.7418772952138871,0.8754913558517438,0.8878976262959587,0.8842429448660833,0.7553808924563474,0.7493116277423526,0.7753490336658204,0.7893619758144548,0.8630090650522741,0.911471743775969,0.6789402630338174,0.7221562435965723,0.7592223473550139,0.7558898097610315,0.7099486975912319,0.7574509166619923,0.8066944214270522,0.8265238509356357,0.5992523875178972,0.6588253760019709,0.6375290407955427,0.6344582445994029,0.6617192367504818,0.7149830717440002,0.684923733979494,0.7060322436700281,0.6995270639351995,0.7506258121828299,0.7613507201941054,0.7596194788713274,0.6863870842801523,0.7124334990174305,0.6843287011366843,0.720644544518048,0.7590411390100023,0.7983248657859667,0.8326968343925792,0.8690741687803434,0.8656604475337726,0.606650565141575,0.6625013674880553
XBI,funder_count_7d_avg,1506,1,0.28338100300478464,40,0.6059463727024896,0.28338100300478464,0.34272692358914303,0.40936808388293877,0.5672781642680049,0.6484098831160243,0.7735554883983347,0.8766262365433428,0.8743915192577296,0.934616877425959,0.704068304580574,0.5299667537386183,0.6174868897258566,0.661178317010205,0.7380933126595555,0.8019355709623245,0.6636622364140013,0.708978476958698,0.728353536411384,0.6911266918744229,0.6903412758618945,0.7622107048496964,0.5472302442485582,0.615793925410326,0.6422174542745855,0.7165007726258643,0.6884694921611516,0.7307399787917737,0.7712521316554087,0.8139315711832451,0.8009508580157081,0.8447551264471079,0.8043091125831834,0.8292821971191287,0.8294291298001466,0.7873138329598127,0.8058107923168056,0.7654410687989788,0.7868152767989638,0.6360162562903005,0.6059463727024896,0.3682861363720044,0.6625013674880553
XBI,daily_pubs_7d_avg,1506,2,0.3285425604931105,5,0.6559758902499659,0.40073507204384634,0.3285425604931105,0.3774925549311396,0.5289476140163905,0.6559758902499659,0.8147806763983155,0.8987378954388413,0.917602023473197,0.9572291711471081,0.8068800339374593,0.7078831573736548,0.7626270493590955,0.8050875573298583,0.8578934281900391,0.8935218353648662,0.7335776497189571,0.73791977680724,0.752333384998646,0.8044774707840802,0.7709669104281544,0.8154917097139213,0.7368519438575889,0.7730638703241052,0.7793769974078465,0.8199214535071045,0.7065478034524335,0.767372102272074,0.7985407865792439,0.83872387511259,0.8241880958280895,0.8665893756788241,0.8755552632273448,0.8961208349283761,0.8898270499293476,0.8647006865358177,0.8801902316918347,0.8249042576166794,0.8254180801833586,0.7061805098925966,0.701513486764735,0.3904418834845661,0.707763460532858
XBI,core_count_7d_avg,1506,1,0.30494688194636826,5,0.6656208998721727,0.30494688194636826,0.31976644140029387,0.38977966116075646,0.5431597837149278,0.6656208998721727,0.8204286512764624,0.8976164617874561,0.9183280336990929,0.9588073859911086,0.806059237404709,0.6951902649455779,0.7613519836271515,0.8039463071320379,0.8648439628604923,0.8955028766389372,0.7323140719113026,0.7286064772603362,0.7362195326673209,0.7745870472626653,0.766582635605172,0.8312871644680744,0.7245854342862241,0.7691423787908701,0.7869711840303106,0.8337564200420265,0.7401174335611014,0.7927835229495972,0.8249113130320975,0.8641332547571106,0.8614588386225693,0.8981933588484778,0.8921265065262081,0.9098129070553326,0.9024372887814267,0.8732959594692531,0.8763661867036022,0.8275116534987208,0.8315425488625887,0.722861764713558,0.7313444195362375,0.37887339878185144,0.7088430362275085
IBB,avg_num_keywords_30d_avg,1506,36,0.5136341833652529,25,0.680978003300901,0.8612829044518759,0.9661705319471838,0.9718279928409876,0.981942702167054,0.9773535271681574,0.8426624869030561,0.7862611580155152,0.8562499030257221,0.9151191215441278,0.7171984643172702,0.808481237586143,0.8638118647703505,0.7972078457071934,0.8647329514617266,0.9151659656819421,0.8000393444367062,0.8047435566533341,0.8462194240323313,0.9004807675597316,0.8062245700377486,0.8347475084626969,0.7924317062942953,0.7745607822053014,0.7131533710632603,0.680978003300901,0.7125889529822377,0.7523077856644937,0.7167164566799364,0.7373087732076418,0.7799675108134216,0.7492328088466694,0.7815382695513917,0.8036505381964811,0.6506869808894555,0.7210533932144081,0.5136341833652529,0.6564081652808789,0.5590753422789294,0.7308899804261013,0.7258776912243753,0.5331392789360853,0.7158999521881267
IBB,top10_keyword_concentration,1506,1,0.43021013921620654,5,0.7847552817942851,0.43021013921620654,0.6638571836640126,0.5678315417696118,0.7103813997863906,0.7847552817942851,0.7842678509259328,0.8523172909359027,0.8989594511730066,0.9226986978552203,0.915884590894917,0.9439566467663841,0.947931719077097,0.9631512916913905,0.9730960675349145,0.9835119305882303,0.9648449388566126,0.9414639641653146,0.9015877472009616,0.9189507401281627,0.882449359649258,0.8992439330375075,0.9379438086510439,0.9193620097276575,0.9465993886733057,0.9545789853563901,0.9681917570119494,0.9274620029278035,0.944194080849445,0.9536700298278789,0.8604122523452806,0.8837343062108526,0.8993015652189764,0.9203212574579349,0.9445152552353414,0.8974340404798682,0.8781274060465563,0.861388773818659,0.8805115171107656,0.8942284928576119,0.913995662533849,0.4641740975753807,0.814556115280144
XBI,top10_keyword_concentration,1506,1,0.29034939259505393,40,0.7983188203145931,0.29034939259505393,0.5813488072848755,0.6617151628200417,0.7774558833426091,0.8781529801764314,0.894852330494102,0.9429001301340698,0.9588877113124373,0.9573004517931597,0.9381503970190981,0.9385349254875975,0.9689060892702027,0.979332794995722,0.9832255313726415,0.9879030208659895,0.9092075049827446,0.9382217310646648,0.8776558019314051,0.9031352684142201,0.9077643352846562,0.9050201766415606,0.9428493469508136,0.9246907230149951,0.9350315461084348,0.9390073596214343,0.9533635255997993,0.9032997874515597,0.9294087454990729,0.9443311994833086,0.8637572462388357,0.8959665103005321,0.8988785327341146,0.9100069014512354,0.9375587008428399,0.8702565807589845,0.7762458649312134,0.7723156595952495,0.785090094505195,0.7821580445020737,0.7983188203145931,0.3682861363720044,0.818276790822458
XBI,dominant_subfield_changed,1506,1,0.6722924883099554,10,0.9772139867146368,0.6722924883099554,0.916997065381506,0.9844957302536014,0.9964809082290318,0.9905492510446502,0.8558073553382637,0.9225534363566261,0.953087556719646,0.9771690024393274,0.9772139867146368,0.984144017155361,0.9886335429386416,0.9936251405123383,0.9957117460834151,0.9978348099253889,0.996079443617995,0.9963034788835414,0.9943916790319473,0.9968381967225848,0.9979648336442983,0.9982722122508925,0.997738750440893,0.9977162557138561,0.9981042681125324,0.9987067355932119,0.9986526987905039,0.9989172593824283,0.9993756359552478,0.9965679531507045,0.9900208583505355,0.9899653725801186,0.9933652220176544,0.995658626855096,0.996229475883956,0.998071302284475,0.9974441756606512,0.9980245706249172,0.9987925500978267,0.9977822903743613,0.9974701155839378,0.6722924883099554,0.9812277914940276
IBB,dominant_subfield_changed,1506,1,0.5458585448727261,5,0.9812277914940276,0.5458585448727261,0.8142489707944055,0.9374941221919315,0.9681114558351146,0.9812277914940276,0.85214395936807,0.9263264233279751,0.952067694659461,0.9772939249816187,0.9892711485476915,0.995042632712511,0.9944534080953606,0.9976257466035973,0.9981265224554047,0.999028054279254,0.9994975268582424,0.9969140329867211,0.9966032847033474,0.9980512005658491,0.9987869750274591,0.9993010898669438,0.999515958437526,0.9995869864795502,0.9996952133201379,0.9997996643092414,0.9996340613852572,0.9993838789086228,0.9995381901318221,0.9936021405643308,0.9842836734055244,0.985976224692763,0.9902479587812116,0.9928950131771535,0.9911287837470479,0.9946810684662373,0.9948743940779152,0.9955097633725404,0.9968455357770349,0.9927156441315461,0.9890071228667939,0.5595050084945443,0.9812277914940276
